path_uuid,position,prev_uuid,uuid
a1f6367b-dfa6-5e40-ae55-72e8a97f00a8,1,44ac87ab-0042-5b53-9c6e-560de9b9fb0b,ae8ad854-83cb-5563-a07e-d00188333df7
47d09ad5-a2ca-5204-b92e-eb8f1c5d63ee,1,0ea6a675-e828-573c-a7d8-464cfd87213c,b63f1496-085b-520e-a0a0-7903e850c64d
fc053409-558d-5871-905d-0a5c9005d161,1,4b735c3e-8202-51dc-b245-18036b297441,3586c90b-e98d-5346-bb14-0aa83e16b1cf
e8dc2aa0-ce06-5d42-adcd-a107b4143420,1,51819118-5932-5b7b-ac68-a23ae4cbc533,99495138-4ef6-5b7d-8a68-fbfbc8ff0625
51c1465f-04c3-59bc-8dd9-957725832562,1,60822116-1ab3-5ee9-976b-ef1bd5c8f416,8e38108a-02ee-5ebf-b214-2e7000eb5b35
9dfd93ab-df74-59c3-8199-7a266517c092,1,c35164ac-6d9d-5118-aa46-20f09e27c175,c864c19b-22d5-5a93-b5bc-804e06f2bf9d
ffab9e97-f95e-518c-9073-7873312ac875,1,cabb6140-f394-571f-8ffc-fcca9dee4a87,38429c5a-7c64-564f-9c94-566c2677b3ce
62c4dd15-dbfb-5afe-882d-ace66860c5f2,1,70b7a919-8ae8-5ff4-87b3-58b88c79c80a,46b0f46a-711b-50b9-b8bf-2e45ecc4674e
cb71f459-cff3-58ee-8625-d2cc62ea07a3,1,d30ce55e-7439-5300-a461-561b827f4fd4,f0eb1665-70cb-5cbb-9234-ca4350f09bc3
8754cd86-b2d8-5206-99b8-92051c971d4f,1,b00fdd37-e90f-5425-9c8b-b340e59dede4,2deebb88-aac9-5b72-b005-7b023bd90471
d7543805-3687-547b-8928-775a7240a3ee,1,880b2cd9-0e10-55e7-8e91-7abeb8ee5830,98c8ad97-9feb-5dd7-9a8b-03af5020adc1
39b32761-430a-57d9-9276-cecdaaaeefbb,1,e2add859-43c3-50aa-95b5-025b29a9a476,fe5d50cd-543d-59fd-bef7-32f6c0f8cbcf
2a20d4cb-8312-503f-b450-f298460df30d,1,e2add859-43c3-50aa-95b5-025b29a9a476,1498d5f0-1a1f-5bc0-a819-5423af897d38
c594bfd9-3e4e-5321-9a29-8c77d52a1113,1,e2add859-43c3-50aa-95b5-025b29a9a476,d1436195-b856-52eb-b99e-78a6309c69a8
3302654f-317f-5cd5-a501-709ca7683043,1,e2add859-43c3-50aa-95b5-025b29a9a476,4a3afe09-f0c5-532a-8b59-61a8574de027
2c65557a-32c9-54ab-8d5a-0a500c0ab2ac,1,e2add859-43c3-50aa-95b5-025b29a9a476,0f809bca-1a8c-5d0c-aef6-b73f1a45a050
72a5d0da-6912-5af7-8314-762295775e32,1,c842cbb4-6729-599c-b74e-644062c1d419,4fb1937a-0faf-5c6c-9deb-54a261b768eb
34493d9b-4ae5-5741-94dc-d46b7eed8c13,1,c842cbb4-6729-599c-b74e-644062c1d419,c8ede2d0-fdad-5e1b-ab09-2e29dcbf79c3
5e8d08af-0bdd-530c-8c22-a8880123c199,1,61f36cf6-c729-533f-98e4-0b9add552766,93b74f73-d3b8-584b-995b-ddab913cc523
444f107e-c1eb-5cd6-8540-dfd89e54129d,1,7f1ccb2a-f33c-5e13-86a9-ba67f8303773,9bb84c4a-1e52-540c-8b95-0df2aa730823
456bb492-9277-586f-b87b-8f2c69b78f42,1,7f1ccb2a-f33c-5e13-86a9-ba67f8303773,54c6cc73-4666-516e-90f5-2778e8c8bb1f
b0bd30f3-fa8a-5f74-8791-a2ffb9440c45,1,15a99c58-4939-5bcf-91e8-edfbcc5e5774,87c7c736-07c3-55b9-b6b2-f8490be0a917
ab15a324-fe19-58bd-82e5-3fe423d7766b,1,bcf7c145-5da4-5f1a-bacd-766fb89e1a15,9b3bbadd-8a04-575c-911f-44a17e1b4ccc
9427915e-8db3-5125-bf57-bc51319fbb32,1,bcf7c145-5da4-5f1a-bacd-766fb89e1a15,5294812a-54f1-57a6-8d04-b6c0e3c534e2
e0858cb4-126d-513e-ab59-b2f3ca3cf4bb,1,9420cd9b-b731-5cff-9cc0-6266c246f4a9,abc96590-0fb8-5f5f-afac-110ecf7b8fc0
92454b8b-f485-5566-b044-2896c65bd488,1,2e367720-ad3d-503d-8652-3cbfdf345f49,c289d625-c83a-5b71-a526-bad5d85d668e
4f5519ae-8f0f-5c66-b334-b15ed2319a0a,1,2e367720-ad3d-503d-8652-3cbfdf345f49,7642c23d-c386-57d3-a302-444ca9b4b9a3
f3b04217-d1cc-53fa-99b5-8372ed4f5438,1,3513db8b-d7c1-56c7-9db3-5ed34a2167c4,0f14cca0-ed4b-5a31-8d1b-d64c2f6c30fc
5105d1eb-d43a-5746-9090-1dac549a8a40,1,dbd7f218-ea63-5ddf-ac64-5555ed126ac0,c9a0a2bb-43af-53ae-957e-55eedbfc0628
e8ae519e-0108-5f64-b447-2629c2561ded,1,dbd7f218-ea63-5ddf-ac64-5555ed126ac0,6d5a1b3b-3d03-5ce7-9dc0-9901a17be5d1
8279117e-d83c-5020-b459-def1b537d129,1,d5e61fb6-a674-590e-838a-805b8f1c0c01,f58ae590-a380-5181-a21f-a7194c4d341a
5c635dda-ecd7-5545-b15e-a5d3b0bd05a6,1,d91c1711-7d44-59fe-83b3-8bfe1342dd0c,7a10c653-cae1-5eba-8a57-baf191ce0944
94fa3d74-7bc8-5e71-be62-7b825d1c4c20,1,d91c1711-7d44-59fe-83b3-8bfe1342dd0c,c9238f82-bfc6-5d35-8359-7afa4264738b
342e9536-54c0-5a94-a088-41c8a4d84900,1,87b95e83-fddf-5d44-aea5-769ae9846cbc,21d8c798-6edf-5ca2-9321-faac2dc552a4
edd7d198-5fc5-5955-8fc2-146a3f194b53,1,ccee0227-7ffd-5994-b235-30ff814310e5,fa2d58c2-afff-5555-8639-310f8d08205c
ddb0d85b-eba5-59eb-8cd1-f02c1236c38a,1,ccee0227-7ffd-5994-b235-30ff814310e5,cf6c4a5d-1ab1-5425-afbb-8942d00ba613
cb7aa75a-2f2e-5e2e-9122-17f82b904022,1,bd52da33-66a2-5ca3-9c0c-627e26c36114,a6e4cd32-73af-539f-947c-ff610a27ccb9
84ec3d96-aea7-514d-b405-489e0fc56459,1,af07c485-5669-5313-825f-3b3865c70b6c,eb710368-7ff1-5dc3-98c7-2e551b967d05
3b2f53c7-8799-5720-bc43-7a5a6677445c,1,af07c485-5669-5313-825f-3b3865c70b6c,52ca3481-815f-569e-b510-8461aeb1782d
d3fcc1cf-543d-5383-b963-0565e7e79db8,1,ff149407-a9dc-55dc-8e63-14be428c620c,17181fd0-7236-5af0-9a89-637968ebf720
f0704e29-2f76-52e8-ac26-ff73bcc1edc1,1,20cedd28-d08b-54d5-8f60-73d8cf469709,2e0369de-6282-5ebc-9b3e-a51d25439fd3
97d8ec63-d50b-590c-aa54-46b535db9c7f,1,20cedd28-d08b-54d5-8f60-73d8cf469709,7fab576c-7105-524c-b077-8cbdaae5cf3a
62789841-6546-57f0-99ba-119e181a2ab3,1,decafc60-1bac-5f5e-9396-c54c70f111a3,127f274d-457b-54fc-916b-98b6b83c4fae
ed50f609-4f7f-5bb1-9331-2d05f0e53549,1,5cbcc626-819e-5635-a296-7b88ef3575af,9d326eac-f0a6-50f6-bd73-116a4c127da5
d3416845-26ad-5d14-b74d-390cc9d7fee3,1,5cbcc626-819e-5635-a296-7b88ef3575af,1cb26814-d4e3-5545-a048-1a5d6eb1c062
4fb7ff38-4091-5401-9af3-f1e0701c1b1f,1,689ff159-cd7b-5f39-8c61-efa6a6d77b07,5655eb89-6c3b-5b30-bed1-435d846d2a44
95f3d5e9-8476-55e0-ada6-78f0681066e2,1,1c7b7aa9-1811-5e18-8316-b13b5a44fd85,c50f7da8-8394-5869-8fe9-e261a8c970d7
30a2931f-daae-5358-8987-bd59a9d39c82,1,1c7b7aa9-1811-5e18-8316-b13b5a44fd85,ece91a34-8f39-504a-8754-31fffe13c9d7
73fbd472-9e69-5893-a4c0-e8a414daeb9d,1,6e58f7b3-8d09-5a03-9bd4-ece49b8ea050,666efe0f-cc1e-540f-ad11-ecd85b7ea74a
ce9c295e-bf8e-5b25-8890-acb51bcd12b3,1,6b9c5dbb-f666-590b-a1b6-620384da7bab,c1a1b87e-415b-5053-8e0c-e2a0ec913860
e7e4a4c8-9fc2-548e-b4d5-194291126ae2,1,6b9c5dbb-f666-590b-a1b6-620384da7bab,dd7c2c55-65a8-5e0b-be77-fe6c89ec68f4
7ca3ef08-3445-5849-9cc1-78fe9d81a27b,1,135967d5-e832-528a-8e63-d337062b3af8,5d3e74a2-5c40-5e82-ad15-5bb98ceac0ed
669b16a7-9d63-55b6-ba96-dd394150ebe2,1,93132520-66b2-5073-9fa4-742ea2cf7eb4,bca83f0c-db14-5ce8-b2d1-8ffc6d40af72
5272e910-62f9-5063-b61a-76ac60a71b4b,1,93132520-66b2-5073-9fa4-742ea2cf7eb4,93403c14-1875-5dec-ba41-3b3677dcfc07
f69add6e-6048-5b59-9c5d-b17a104c9860,1,a54d28e2-c94a-5d2f-8774-42a10af22f6a,83334ef9-ca55-5aad-ac70-091f5be043e7
088042cb-bc09-5f15-a261-3eb25e8fd011,1,24bed411-3085-51ef-9e40-a90235fee0d8,82d0b408-5449-529a-b8e3-5a059dce2363
ba13ea58-188d-5669-8c39-2925997f39e5,1,24bed411-3085-51ef-9e40-a90235fee0d8,7dd6bf2f-1af8-5260-9862-92286efa49ab
d7ea4973-a1e3-509e-8244-5f37da6b3eb4,1,546f6294-146c-5ead-82b7-11d3749770db,01d3562c-8258-5565-9ef2-1897e31df472
